Frequency (MHz),Magnetic Flux Density Peak (uT),Inductance (uH),Parasitic Capacitance (pF),System Q-Factor,Power Transfer Efficiency (%)
13.00,2.14,1.42,97.1,30.1,12.4
13.10,2.51,1.43,97.1,32.8,15.2
13.20,3.10,1.45,97.1,35.2,19.8
13.30,4.85,1.46,97.1,40.1,28.4
13.40,9.20,1.48,97.1,55.0,45.1
13.50,22.4,1.50,97.1,72.4,78.5
13.56,45.2,1.51,97.1,85.4,94.2
13.60,18.1,1.52,97.1,65.2,65.4
13.70,8.40,1.53,97.1,40.1,32.1
13.80,4.10,1.55,97.1,35.1,22.4
13.90,2.80,1.56,97.1,31.2,18.0
14.00,2.05,1.57,97.1,28.5,14.5
